,keyword,id,rank,Filtered
0,Pain,Ud4HuAzHEUc,1,True
1,Pain,rxY1f9oCrcs,2,True
2,Pain,TLIgFxNY61E,3,True
3,Pain,UlaEzkuCvoA,4,True
5,Pain,RIlRS8tKcpM,6,True
6,Pain,mex6wFv0_wM,7,True
7,Pain,5nl7sKwPQo4,8,True
8,Pain,p8243BTPhGs,9,True
9,Pain,lw_XFnk5kwU,10,True
10,Pain,OSgkBF6LjH4,11,True
11,Pain,-59jGD4WrmE,12,True
12,Pain,O_4S3EajcNY,13,True
13,Pain,067YF8KHdTM,14,True
14,Pain,70TPV6ES-fE,15,True
16,Pain,auvA9skU4cI,17,True
17,Pain,kWBE0sQC5L8,18,True
19,Pain,EgQ84na5_0E,20,True
20,Pain,dOyq_rkVyIo,21,True
21,Pain,hZG7SsYsBNo,22,True
22,Pain,hsrlKmAa1jw,23,True
23,Pain,dBrRBZy8OTs,24,True
45,anxiety,BVJkf8IuRjE,2,True
48,anxiety,xsEJ6GeAGb0,5,True
49,anxiety,-CAd9o9OlqM,6,True
51,anxiety,vtUdHOx494E,8,True
53,anxiety,EbF7AriK6IE,10,True
54,anxiety,qTRrFAFoWoY,11,True
57,anxiety,odADwWzHR24,14,True
63,anxiety,jyXTE6BHw3Q,21,True
68,night,H78YW7ycuwI,1,True
69,night,r4l9bFqgMaQ,2,True
70,night,UtF6Jej8yb4,3,True
71,night,2S0QhGGO1gQ,4,True
72,night,aG3ZuJ2rsbM,5,True
73,night,Q9pjm4cNsfc,6,True
74,night,-WsZ2fUXbZg,7,True
76,night,besuhAY4h70,9,True
77,night,i8pK6qmtllU,10,True
78,night,syFZfO_wfMQ,11,True
83,night,oSHzUD-uqKY,16,True
89,night,wGF7PswOENQ,22,True
90,night,fxJcKo2Unys,23,True
92,night,MV_3Dpw-BRY,25,True
95,sore throat,pK-R2n2mQvc,4,True
96,sore throat,NfJz3fQ9mGI,6,True
97,sore throat,y3Byh_KSeE8,7,True
98,sore throat,xeXeTrABWy8,9,True
99,sore throat,miP4M7S-1QA,11,True
101,sore throat,1HCIJE-U-3g,13,True
102,sore throat,OteDOYM197Y,14,True
104,sore throat,xLsZiYYsXCo,16,True
105,sore throat,mNnHM5cd5wM,17,True
106,sore throat,ZUPQK385uHQ,18,True
109,sore throat,5DcD8Jd0KHg,21,True
110,sore throat,29xoWVnqh7E,22,True
111,sore throat,kK4RtAB3r_M,23,True
114,coughing,1Y-C9RMyaQQ,1,True
116,coughing,AhbYv6n3Q-k,3,True
117,coughing,hpfiVCz1prk,4,True
120,coughing,bXJkZ5fGU7c,7,True
121,coughing,l5SHtdczSBc,8,True
123,coughing,dVac4G3e84Y,11,True
124,coughing,pjYyecHR-fw,12,True
126,coughing,q2cJXdBMI9E,14,True
127,coughing,1rdQALP_-x8,15,True
128,coughing,-SV8yFsRZZ8,16,True
129,coughing,aKduNgfePLU,17,True
131,coughing,0_Z33Fr3WwY,19,True
134,coughing,ps6vt01oODk,22,True
135,coughing,4TnJQYpKz0E,23,True
137,coughing,2SDUpBSIyOg,25,True
138,Stress,v-t1Z5-oPtU,1,True
139,Stress,WuyPuH9ojCE,2,True
140,Stress,15GaKTP0gFE,3,True
146,Stress,CZTc8_FwHGM,9,True
148,Stress,hyg7lcU4g8E,11,True
149,Stress,5u0z7-BJec0,12,True
150,Stress,Nrt_amb8_y0,13,True
151,Stress,COMwI2akgqM,14,True
152,Stress,CQjGqtH-2YI,15,True
154,Stress,tEmt1Znux58,17,True
157,Stress,H-kl36yQN1U,20,True
158,Stress,Mh4E3xiNGe4,21,True
159,Stress,akYnmogU8zo,22,True
162,Stress,hnpQrMqDoqE,25,True
163,weight gain,RIJ2Jclv9Dg,1,True
165,weight gain,WwASmxrIEiI,3,True
169,weight gain,zVBVHWliwA0,7,True
171,weight gain,HEYrWAepqzQ,9,True
174,weight gain,A1vSCr4-DG8,12,True
175,weight gain,UXKYRAHzxXA,13,True
181,weight gain,f5yAO7SXCpU,19,True
182,weight gain,ZEK6TvS7StI,20,True
187,weight gain,h6nm8D5zNL8,25,True
190,dry mouth,wok0IDFe7ZQ,8,True
191,dry mouth,IKvLl9kd-D8,9,True
192,dry mouth,BFyIvudE0oU,10,True
193,dry mouth,jrLx7gEDrjM,11,True
194,dry mouth,TK0vMKCNgn4,12,True
195,dry mouth,RGwdWa0P2rM,13,True
196,dry mouth,ou6GN1IvjOU,14,True
198,dry mouth,lP0P-zduVcQ,18,True
200,dry mouth,HoJfrSOVLGY,20,True
203,dry mouth,FQBOB0tLB04,25,True
204,acid reflux,L4lqgxctMcE,1,True
205,acid reflux,k8UqRCPA6Kw,2,True
209,acid reflux,gkjKRFFDTvA,6,True
210,acid reflux,3Bous2-OQtc,7,True
213,acid reflux,jsT1ylTz3d8,10,True
214,acid reflux,XIk9kymNmMA,11,True
215,acid reflux,iMNOqNkJeFU,12,True
216,acid reflux,zh-9RaSCMxQ,13,True
218,acid reflux,P36zAw_2w5w,15,True
220,acid reflux,If_hlyFBdMw,17,True
222,acid reflux,2KCdB9psVxw,19,True
223,acid reflux,T9r1D7hA_Qk,20,True
224,acid reflux,YokUd_7oNzA,21,True
225,acid reflux,-WbMQLniXDU,22,True
226,acid reflux,-lTU6UgqgTA,23,True
238,PSG,0Ugx8-1db54,10,True
253,brain fog,43YTfc_QNSk,1,True
254,brain fog,Aj0FR7twq5E,2,True
255,brain fog,027KR8VIauY,3,True
256,brain fog,9Gg2zMplRT4,4,True
259,brain fog,9VJKzwMzDJE,7,True
263,brain fog,aidf1eeRm6c,11,True
267,brain fog,TB1xzHg-MBI,15,True
268,brain fog,enQJvkfP-tc,16,True
269,brain fog,L4ViIHsswBQ,17,True
270,brain fog,3r9dCdhDQsc,18,True
271,brain fog,cJZpvwUsQYY,19,True
272,brain fog,NXycYqecJkA,20,True
273,brain fog,BtgcaAXXcvA,21,True
274,brain fog,1SUo3cPJ5HM,22,True
276,brain fog,591_r7K3m-g,24,True
277,brain fog,mI-MUbl8v_8,25,True
278,Headaches,KpHP8VmxnBo,1,True
281,Headaches,PrbIkzAX5xc,4,True
282,Headaches,gJ9grxcohs0,6,True
289,Headaches,OO5oDaG45kE,14,True
291,Headaches,nWNf6Khc9go,17,True
292,Headaches,-XXlvPjL6Kk,18,True
293,Headaches,xL87iCOQZus,19,True
295,Headaches,9ex0syXAqd4,22,True
296,Headaches,-eGQ5RyKGZE,23,True
298,Headaches,8dctKQ8wPV0,25,True
300,drowsiness,2Cs4ou79Q9A,5,True
304,drowsiness,ivoXo5yy__U,10,True
305,drowsiness,0SZPKW5QdGY,12,True
306,drowsiness,vV_KNsswfiw,13,True
307,drowsiness,7dOHzxKkjgI,14,True
310,drowsiness,Ta7I0OB_RWU,17,True
311,drowsiness,KwR_rwzNJ38,19,True
313,drowsiness,u9EJOzEXTgE,21,True
315,drowsiness,5sX7_32Pk3E,24,True
316,drowsiness,wRXz6VdWtJk,25,True
317,migraine,S0sk8tO30RU,1,True
322,migraine,JOIR_CwX878,7,True
324,migraine,51rpVt6JhNU,9,True
326,migraine,gmdTGR6v9iY,11,True
328,migraine,VLg9NYhj-t4,13,True
329,migraine,xpcZcO9YGBU,14,True
330,migraine,bkkJofMRYu4,16,True
332,migraine,j_6C7KTZ0ZI,18,True
333,migraine,NiIBllgIC-Y,19,True
335,migraine,Bs92ejAGLdw,21,True
337,migraine,m_m0cW_I800,23,True
338,migraine,l4-k-Ji3y_U,24,True
339,migraine,WYIaWRifoSY,25,True
340,mouth breathing,c6Rao9TWGTU,1,True
342,mouth breathing,7GHVqlMcCLk,3,True
343,mouth breathing,WbB8iAJne9Y,4,True
345,mouth breathing,y1489ez_G4E,6,True
347,mouth breathing,MBPBthM1lcw,8,True
348,mouth breathing,ruOAmE9EcsU,9,True
350,mouth breathing,axphfyL5sj4,11,True
351,mouth breathing,6ViwBM05WFw,12,True
354,mouth breathing,maZFVKFw03Y,15,True
355,mouth breathing,mCjy6Vgl7cs,16,True
359,mouth breathing,8m0ubmg2kyA,20,True
364,mouth breathing,PZhY2IRVE94,25,True
370,fatigue,Bck1cTXUsRE,9,True
372,fatigue,65fjdQw_omI,13,True
376,fatigue,r0SQsi0yWxo,17,True
379,fatigue,cDoyGpgxWko,20,True
380,fatigue,_Tk9upmjvlU,21,True
381,fatigue,HrzT8aSTo7Q,22,True
382,fatigue,QKeLolFcQw8,23,True
383,fatigue,WRTnfm65Pfk,24,True
384,fatigue,Np1n0VvC0qU,25,True
386,insomnia,oYnudJrod8Y,3,True
389,insomnia,_tXFhGRqggc,7,True
390,insomnia,2e13i5vYAHY,8,True
391,insomnia,tnrTN7s-p6Y,11,True
394,insomnia,wwkKcqdrfGo,14,True
395,insomnia,JybV1mL6EMA,15,True
396,insomnia,luf0iyMT4A4,16,True
397,insomnia,dqONk48l5vY,17,True
398,insomnia,P8JEm4d6Wu4,18,True
399,insomnia,cHKs2aVxOmQ,19,True
401,insomnia,gIwU5INBV_0,21,True
402,insomnia,sWLOSwKXXOU,22,True
407,restless leg syndrome,QAOoK5AdFNc,6,True
408,restless leg syndrome,0fBm8VHNIxg,8,True
409,restless leg syndrome,kDa6i-Ukz44,9,True
411,restless leg syndrome,-3rUXrYk9Sg,11,True
413,restless leg syndrome,ib6oLFoXhbQ,13,True
414,restless leg syndrome,3vl7cEwsv-0,14,True
415,restless leg syndrome,oemYtq8UONY,15,True
417,restless leg syndrome,mtKXxi3Yye8,17,True
420,restless leg syndrome,TYhgbE_84MA,20,True
422,restless leg syndrome,TKnsOjy-b6E,22,True
423,restless leg syndrome,RzgmIpHtd-w,23,True
425,restless leg syndrome,p7G803oDx-c,25,True
428,Apnea,BWB-DjoNtcc,11,True
429,Apnea,_2Tot_6Uo8w,15,True
433,Apnea,j8ZWCZvte_E,24,True
435,Sleep Apnea,leskf-_IsdM,11,True
436,Sleep Apnea,Cxx2hHmhvvw,12,True
437,Sleep Apnea,NTIebiQCO-s,16,True
438,Sleep Apnea,rYNwviYi4pk,20,True
440,Sleep Apnea,WNiUIyDhi4w,23,True
441,Sleep Apnea,tz6llunPlOk,24,True
442,OBESITY,-vNVG7XJpVE,1,True
443,OBESITY,CodB8Q71Sok,2,True
444,OBESITY,d6gS5-02VYM,3,True
451,OBESITY,oqy2roKOL8w,10,True
453,OBESITY,VYjgD3VgXgg,12,True
456,OBESITY,h2ku2Ws_Zzo,15,True
457,OBESITY,kIxiI9eiAgk,16,True
458,OBESITY,N3job0WEt_g,17,True
459,OBESITY,9doXchc3wyc,18,True
461,OBESITY,iQUJ1HV0PWc,20,True
463,OBESITY,N9Qghel5mmM,22,True
464,OBESITY,NKjOfR8vcas,23,True
468,snoring,Yvww5URXeck,5,True
469,snoring,NNStU5h2fZA,6,True
471,snoring,QVUlR9GI-VA,8,True
472,snoring,gS0IrkYCqVc,10,True
474,snoring,kBom0-rtTns,12,True
475,snoring,UAhgAm4PPis,13,True
476,snoring,apIsrTxKleM,14,True
478,snoring,AzfN1oBqBK0,16,True
479,snoring,bRE9FW99ZgM,18,True
481,snoring,0pOtV5XTxWc,20,True
482,snoring,qqSwErjkAWw,22,True
484,snoring,ow3JwoF5jBE,24,True
485,snoring,pHhfKoTJunA,25,True
486,choking,XOTbjDGZ7wg,1,True
488,choking,C7VP42q98fw,3,True
489,choking,JxikQnuoq9I,4,True
490,choking,aQzGPDnJqmc,5,True
491,choking,yId2qthfp3o,6,True
493,choking,AUV_BnUU_xo,8,True
494,choking,-Twh2ekfQtI,9,True
495,choking,5rOdGpkURD8,10,True
496,choking,EDy18otPvpQ,11,True
497,choking,hLddoFVyxyU,12,True
498,choking,iv5g4NTVuVw,13,True
500,choking,CUFsF1BtbbQ,15,True
501,choking,5kmsKNvKAvU,16,True
503,choking,XUG0kx4zubI,18,True
504,choking,pzlwOI7xQRc,19,True
506,choking,cuOqjDo5sB0,21,True
508,choking,dSIeDw0SvcQ,23,True
509,choking,VdT1KNiIrDY,24,True
510,choking,653Z4Tcc_pQ,25,True
512,airway,ZAaZ968_VyA,1,True
513,airway,aY7mLYE9J7o,2,True
514,airway,Hzc_T4QBp4E,4,True
520,airway,0O7F7EVSPGQ,12,True
522,airway,NDx1AwR25PA,14,True
523,airway,vNvymbRD5b4,15,True
524,airway,hRvQfkIFFkc,16,True
528,airway,AmjKtpcDRJc,21,True
533,confusion,1jUvhJ_Tgzw,2,True
534,confusion,MljsevVmA8g,3,True
535,confusion,XVmzRhv__uQ,4,True
536,confusion,V0tm6EbhFAg,5,True
537,confusion,c_L_-CKg6pw,6,True
538,confusion,Bah6zoUtrl0,7,True
539,confusion,g2R0V-TgBY4,8,True
540,confusion,YV4oYkIeGJc,9,True
542,confusion,Yq7FKO5DlV0,11,True
543,confusion,ktGnJTtv8IY,12,True
547,confusion,naleynXS7yo,16,True
550,confusion,LGI-HtWhhWo,19,True
552,confusion,KlcF3Vy-_TI,21,True
553,confusion,Rmc0bs2WftU,22,True
555,confusion,YECbtycraPM,24,True
556,dry throat,UMc4CdlSU6Y,1,True
558,dry throat,bXow59aZAHo,3,True
562,dry throat,lQJQe_n3JbQ,7,True
563,dry throat,RyH_jMfNVgk,8,True
564,dry throat,qGvNU_w5jn0,9,True
565,dry throat,KBCtrjhnLF4,10,True
566,dry throat,3BRufWj3Lvs,11,True
567,dry throat,jHtLsBAmDks,12,True
568,dry throat,n7komux6dQg,13,True
569,dry throat,fjmeLWwAkkQ,14,True
571,dry throat,aJ0d4a71AEo,16,True
573,dry throat,2rZnuYh2_Tw,18,True
574,dry throat,52CMXCe2_CY,19,True
575,dry throat,lRyzA1qLjUM,20,True
577,dry throat,LgZ3q7JykXc,22,True
578,dry throat,yk5saygEvA8,23,True
582,CPAP machine,8L85fF72VtI,6,True
584,CPAP machine,UhzrWk5v57s,9,True
585,CPAP machine,Z5JU43469Os,13,True
586,CPAP machine,cmNf_EILBd8,14,True
587,CPAP machine,zyvPXD7PcwQ,15,True
589,CPAP machine,I253ndqR8aM,17,True
590,CPAP machine,svtqBHZl13Y,18,True
592,CPAP machine,hXYht8wxBZg,22,True
593,CPAP machine,Y-hz5zmcmmc,23,True
594,CPAP machine,QL-lBcQuYAg,24,True
596,during sleep,eM2VWspRpfk,1,True
597,during sleep,LyVwp450QPw,2,True
598,during sleep,Slrxguxdfc0,3,True
601,during sleep,r7RuU3BMKP0,6,True
602,during sleep,eTgNgGO_bLs,8,True
603,during sleep,sp79Phj_diY,9,True
604,during sleep,Vz7kdy3BsBI,11,True
605,during sleep,7NnRyq3xr1A,12,True
609,during sleep,USVDXlWQfRE,16,True
610,during sleep,2U6IvsORyH0,17,True
611,during sleep,w5jv3hcQ3rw,19,True
613,during sleep,5SGfpNVRB6E,21,True
614,during sleep,I8W9MTQW01s,23,True
615,during sleep,FfVMsQbXyMU,24,True
618,sleep study,c3L5hN2j7ps,2,True
619,sleep study,GMV6Cd0jVzc,3,True
620,sleep study,vOuhmuWz-z4,4,True
621,sleep study,tx2w2hflNAU,5,True
622,sleep study,W7bCXd8ZHu8,7,True
624,sleep study,2gECGYl5C50,9,True
625,sleep study,_IC8ef7Wqnc,10,True
626,sleep study,Y-w_MgE-d8c,11,True
627,sleep study,wwHhDdJoIH4,12,True
628,sleep study,5xVRAPujyu4,13,True
629,sleep study,awa4z2fFn7A,14,True
630,sleep study,OQe7mLo23hk,15,True
632,sleep study,xg-Go6-_D0s,17,True
633,sleep study,gsZHtHFRopc,18,True
635,sleep study,rrUr4cyEHEc,20,True
636,sleep study,G4ou7JKd_Po,21,True
637,sleep study,0VHZvg_sFak,22,True
639,sleep study,ADT_Bp0VWtU,24,True
640,sleep study,bDfSOw3SCLI,25,True
641,no energy,f9KBL9Su1gw,2,True
642,no energy,0QCf72E_zb8,3,True
643,no energy,KRuXqlvwN6o,4,True
644,no energy,04vazyIbaHI,5,True
646,no energy,qU2o_b2dfR0,8,True
650,no energy,iXO7n-j00Jc,12,True
652,no energy,rZEF7JF-onA,14,True
653,no energy,f1_MzAmmoJU,15,True
654,no energy,h-cbyxv1XlY,16,True
656,no energy,PvYtpuZbvUw,18,True
657,no energy,GqC60CAc7rM,19,True
661,no energy,ejkNXMiVfPU,23,True
664,tiredness,foWbC4m9Do0,1,True
665,tiredness,0hg_Nib6tZE,2,True
666,tiredness,zu1_2zvIokQ,3,True
667,tiredness,0regJQPVfyg,4,True
672,tiredness,hNB9DJzqKJY,10,True
673,tiredness,CEcd0KxfVOM,11,True
675,tiredness,Fq8hdWxLK-A,13,True
676,tiredness,ID4nnTGrkc8,14,True
677,tiredness,onj85q6J90U,15,True
678,tiredness,HAmedhO2Bc4,16,True
679,tiredness,uTNn6hPz9vo,17,True
680,tiredness,UE9XL48Dsq4,18,True
681,tiredness,DM2XFuzhEuU,19,True
682,tiredness,XPw2yk-Gahk,20,True
683,tiredness,Kn4gqggn8Zo,21,True
684,tiredness,QAhlsusSjMw,22,True
685,tiredness,9uAqjlkjY3o,23,True
686,tiredness,wq-64JAW6IU,24,True
688,teeth grinding,KI7OrF0UmU0,3,True
689,teeth grinding,u10oPsAUQiE,4,True
690,teeth grinding,hnprMwEJ3c0,7,True
691,teeth grinding,fJ2qK4OCXYs,8,True
692,teeth grinding,vt57AQOjmnc,10,True
695,teeth grinding,7JYESyDsr5Y,14,True
696,teeth grinding,2f5hZVHAJSI,15,True
697,teeth grinding,9zqRl6VD9R8,16,True
698,teeth grinding,uFfrybw1kGU,17,True
699,teeth grinding,Lc04_IOeFwE,18,True
701,teeth grinding,vGBdHn5WI6k,21,True
703,teeth grinding,Ph7Hc9HW8_o,23,True
704,teeth grinding,T5F1rIScQ9E,24,True
706,racing heart,XyMuRUJ4I4c,3,True
708,racing heart,p1WzJXp6p48,6,True
709,racing heart,Bel-N89GRgo,7,True
710,racing heart,tDmPCcNWVL8,8,True
712,racing heart,lHQHmBMY_iw,10,True
713,racing heart,Z8yTYsDoiAc,11,True
715,racing heart,HR06738Pm-E,13,True
717,racing heart,IrWSlQY_GTo,15,True
718,racing heart,HSaScfagsB8,16,True
720,racing heart,ubsgquO5a6s,18,True
721,racing heart,Eeerg7UrUGs,19,True
722,racing heart,OCe4aBhdJSo,20,True
723,racing heart,17o1Y4Prj3c,21,True
724,racing heart,WnAnhlD9WyQ,22,True
725,racing heart,IKHovtofhKM,23,True
726,racing heart,NIOIpwsXFCk,24,True
730,cognitive impairment,BHf5SBiwWYQ,3,True
731,cognitive impairment,jS7uH50t9Bk,4,True
732,cognitive impairment,L6ELvinufn0,5,True
733,cognitive impairment,WahVPX4CzSw,6,True
735,cognitive impairment,_AzrBKwtg1c,8,True
738,cognitive impairment,I-j9R8tH82A,11,True
742,cognitive impairment,1VV9e0CyfVU,15,True
744,cognitive impairment,KWfhJQmAIZs,17,True
746,cognitive impairment,_qi41DaFjXM,19,True
747,cognitive impairment,35DOHLtYXhI,20,True
749,cognitive impairment,zI6eKvahSms,22,True
750,cognitive impairment,fpZcufX_xeg,23,True
751,cognitive impairment,X0aToP-nPB8,24,True
752,cognitive impairment,MizMgO9f-KE,25,True
753,Irritability,PWYnWJ93ErE,1,True
754,Irritability,DWn1ON-Eck8,2,True
755,Irritability,BCoScvw_rgg,3,True
756,Irritability,yIyjQ_y0lGw,4,True
757,Irritability,p-I8eW6SNpY,5,True
758,Irritability,9bCulDExyug,6,True
763,Irritability,UQmWlXIYNpk,11,True
764,Irritability,rs1paD9IMTg,12,True
765,Irritability,TAMe3-wUs4A,13,True
766,Irritability,O-5hu_zPHUc,14,True
769,Irritability,4o2CKqlTMb0,17,True
770,Irritability,HaM8v-k8hXs,18,True
771,Irritability,Lk1wn0jjZR0,19,True
772,Irritability,S2Gu3P-ytd4,20,True
776,Irritability,eKLqFnAmK6c,24,True
778,Sleep Disorders,lu-pMXDZ8IA,4,True
779,Sleep Disorders,ffOSutP17mA,7,True
780,Sleep Disorders,l4-5F5jikQY,9,True
782,Sleep Disorders,pFa_KBL5z0Y,14,True
783,Sleep Disorders,qXxjhiELrlg,16,True
784,Sleep Disorders,gpI1aZY_9-M,17,True
785,Sleep Disorders,dxPf-DNfTlE,18,True
790,Sleep Disorders,rdCtXgtMWDQ,24,True
793,bruxism,Cj3GVRlrgEQ,2,True
794,bruxism,WJt_KLmbtgw,3,True
795,bruxism,Xs5NeHxLlsM,4,True
796,bruxism,K8H2eypGvSA,5,True
797,bruxism,AF9_yYAcByU,6,True
798,bruxism,RYDCqUWNvhU,7,True
799,bruxism,BJM7W-awL3Y,8,True
801,bruxism,AsfiSWg5W54,10,True
802,bruxism,L7Y8yJh5nak,11,True
803,bruxism,upIJpqWc0y4,12,True
806,bruxism,EiqFnzRSj2A,15,True
807,bruxism,HdlsSZJNzbk,16,True
808,bruxism,RPr3lk-6dMw,17,True
810,bruxism,YWxkS-9xdHQ,19,True
812,bruxism,xYh1NjD4uVo,21,True
813,bruxism,RNe_59BtK-k,22,True
815,bruxism,HIluYzbsers,24,True
819,ACROMEGALY,YDukypEU-ZM,3,True
820,ACROMEGALY,QxvqNJTJ9aA,4,True
821,ACROMEGALY,U5VVSCVJt_w,5,True
822,ACROMEGALY,wY8iGyf9Au4,6,True
823,ACROMEGALY,DAWYyBQJ8Jk,7,True
825,ACROMEGALY,OFl_bKVYsPo,9,True
828,ACROMEGALY,zhg1dcobM0U,12,True
829,ACROMEGALY,7_MSEcxZxLE,13,True
830,ACROMEGALY,1MJTkz02SaM,14,True
831,ACROMEGALY,AI-edvZx2GU,15,True
833,ACROMEGALY,SgFsfEds7DY,17,True
835,ACROMEGALY,5V0oRu0wvmw,19,True
838,ACROMEGALY,6zcivNWkUeA,22,True
839,ACROMEGALY,KLoaYPXlWHM,23,True
840,ACROMEGALY,fHui_Q6ld10,24,True
841,ACROMEGALY,cnPVlqPl51I,25,True
842,Elevated blood pressure,JtBtk00EiVM,1,True
843,Elevated blood pressure,DT2DmGVa2SY,2,True
844,Elevated blood pressure,D1bg5NSpRoI,3,True
846,Elevated blood pressure,zo_0Bzsh4WA,5,True
847,Elevated blood pressure,mjTMZ_sm0LQ,6,True
850,Elevated blood pressure,kdu5QaRINIY,9,True
851,Elevated blood pressure,XbLmIoyDJuE,10,True
852,Elevated blood pressure,IzvHTXbhKLw,11,True
855,Elevated blood pressure,Pr37kQIbqs4,14,True
860,Elevated blood pressure,tGdV-CinmaE,19,True
861,Elevated blood pressure,MnVgGTv6EW0,20,True
864,Elevated blood pressure,jRQNAa-tqr8,23,True
865,Elevated blood pressure,pPxnIh_WTb8,24,True
867,hypersomnia,Vd-RUCKskH4,2,True
868,hypersomnia,OJAGGxWW1VE,3,True
870,hypersomnia,gXpUMiJ2GJQ,5,True
871,hypersomnia,FY_0R51YBFQ,6,True
872,hypersomnia,V9gnvWtta4M,7,True
873,hypersomnia,yUb9jTGdOv4,8,True
874,hypersomnia,Ic52bwQEpmo,9,True
875,hypersomnia,Al4ung6wJKE,10,True
876,hypersomnia,Mfc5NZubqE0,11,True
878,hypersomnia,BDJzjEAU_yA,13,True
880,hypersomnia,IbJATT3qNOk,15,True
882,hypersomnia,L6T32MjowXY,17,True
885,hypersomnia,PT7ddHwR5hw,20,True
887,hypersomnia,QuOH7WfaGQk,22,True
893,restlessness,531sEQYD4CE,3,True
894,restlessness,VrfvJhnUxR8,4,True
895,restlessness,2MY4bierI3A,5,True
898,restlessness,dSUkdBIKVSk,8,True
900,restlessness,D6WmNTQTAfc,10,True
902,restlessness,2hbDTYRYcIo,12,True
903,restlessness,xLlnFRu21-w,13,True
904,restlessness,1WPOSDVOfS0,14,True
905,restlessness,-bR_eRPlR-A,15,True
906,restlessness,3OuwG8Sac6Q,16,True
908,restlessness,i1vXylZ2sGo,18,True
912,restlessness,AWkPVd4sSlQ,22,True
916,Obstructive Sleep,LWbTh0B414Q,23,True
918,Obstructive Apnea,qejRaGXVCYE,24,True
919,Obstructive Apnea,iqvGhNI_6Gs,25,True
922,gasping for air,VjxJljw-2_4,5,True
924,gasping for air,0kMWZftfYRY,7,True
925,gasping for air,zRDZMKyobgA,8,True
926,gasping for air,nPtdkqOLLP4,9,True
928,gasping for air,pCJrgcC3sgI,11,True
930,gasping for air,T85vd3CBs04,15,True
931,gasping for air,WRiL234-OaY,16,True
932,gasping for air,R819uGmg2Po,17,True
933,gasping for air,oS-RDTRgTH4,18,True
934,gasping for air,5JDrgvLtEbI,19,True
935,gasping for air,qAVqeOrlT0k,20,True
936,gasping for air,om3msdebkls,21,True
937,gasping for air,_NRxQ43SGIA,22,True
938,gasping for air,w_ueU5AWZJE,23,True
939,gasping for air,gVDuO9iLP-0,24,True
940,gasping for air,tkpKJu6x3iI,25,True
941,Obstructive Sleep Apnea,af0d_8wnEPI,3,True
942,Obstructive Sleep Apnea,SJdKwGQIC_0,8,True
943,Obstructive Sleep Apnea,za4tDIyd3fg,10,True
944,Obstructive Sleep Apnea,c1rPFj7CCGE,12,True
945,Obstructive Sleep Apnea,RxRwy3NEo4E,14,True
947,Obstructive Sleep Apnea,VU95_euHygY,18,True
948,Obstructive Sleep Apnea,ftdixWiOx5w,21,True
949,Obstructive Sleep Apnea,NyBkWHjgAOQ,23,True
950,Obstructive Sleep Apnea,NqIiN6CNDhA,25,True
955,MYXEDEMA,0rbtZZ5Pvb4,5,True
957,MYXEDEMA,QWImy9PI9ls,7,True
960,MYXEDEMA,lK3W5pvhOOo,10,True
961,MYXEDEMA,mum9ZdCAG64,11,True
964,MYXEDEMA,s6QJhxcSd8g,14,True
965,MYXEDEMA,HjFku3AxDqA,15,True
971,MYXEDEMA,B_4GRUZtWs4,21,True
973,MYXEDEMA,-KB1J0Wbe7c,23,True
975,MYXEDEMA,GM-0KIMwHaI,25,True
978,MYOTONIC DYSTROPHY,w0MB4_36X70,3,True
980,MYOTONIC DYSTROPHY,UHx74l7ya9E,5,True
981,MYOTONIC DYSTROPHY,7oerueJxaKY,6,True
982,MYOTONIC DYSTROPHY,CUyBLgFRHAw,7,True
985,MYOTONIC DYSTROPHY,lTrrnHKKk7Q,10,True
986,MYOTONIC DYSTROPHY,jePwol1A61c,11,True
987,MYOTONIC DYSTROPHY,-XrnCxJf1d8,12,True
988,MYOTONIC DYSTROPHY,K3AETZ6MsRI,13,True
992,MYOTONIC DYSTROPHY,f5wLuMZnpf8,17,True
998,MYOTONIC DYSTROPHY,i1Az5vyVv2g,23,True
999,MYOTONIC DYSTROPHY,vTzULRbsLww,24,True
1001,Morning headache,lu8_eMVDxco,1,True
1002,Morning headache,lLS5Wss61cQ,2,True
1003,Morning headache,1wprI2EDxmo,3,True
1004,Morning headache,LtPay8cowaY,4,True
1007,Morning headache,djihswQ7p_8,7,True
1008,Morning headache,1x2b0GRYs_M,8,True
1009,Morning headache,j5O5IUIwVGg,9,True
1011,Morning headache,oz5no5YlKsQ,11,True
1012,Morning headache,lvSrH3G44ns,12,True
1013,Morning headache,IbajssYrcvM,13,True
1014,Morning headache,4ogbEn0zgEA,14,True
1016,Morning headache,qwZypa0iKq8,16,True
1020,Morning headache,3IJA4U2-wC0,20,True
1021,Morning headache,0NX1N6r17IY,21,True
1023,Morning headache,J2swaFYOWgU,23,True
1024,Morning headache,mEFE1bJhf7k,24,True
1025,Morning headache,YitP1wGhIbg,25,True
1028,sleep apnea causes,ejMqUmEh6ME,8,True
1030,sleep apnea causes,5Jn6KtOuWCs,10,True
1032,sleep apnea causes,4eatBSoOWk8,16,True
1033,sleep apnea causes,HvVa7vUSRIo,19,True
1034,sleep apnea causes,SuEoYTDevf0,23,True
1036,sleep apnea causes,chlE7uyZAcw,25,True
1039,upper airway,IW4hcHKkBsU,3,True
1043,upper airway,XLLSVfA3uIo,7,True
1046,upper airway,qDUJvcNdDsE,10,True
1047,upper airway,aialpobAKtM,11,True
1048,upper airway,OIU7Mdx4DTg,12,True
1049,upper airway,bbe_f4fay9g,13,True
1050,upper airway,onbKgDn_maE,14,True
1052,upper airway,gHuuiuRa-58,17,True
1053,upper airway,QojJN3Por6I,19,True
1056,upper airway,AzpyCom03_g,22,True
1058,upper airway,4p-ng_DJUzI,24,True
1062,Central sleep apnea,PbTlTmVkLTY,4,True
1064,Central sleep apnea,Np1wMgCuqVE,6,True
1065,Central sleep apnea,yyk1W4vxCQ4,8,True
1066,Central sleep apnea,I6rMBr2U1O8,9,True
1067,Central sleep apnea,aCgJvYzebps,10,True
1070,Central sleep apnea,Ul8ojhxerk8,15,True
1071,Central sleep apnea,lYWltNvU4Fg,16,True
1073,Central sleep apnea,RPw66gv_rA8,18,True
1078,Central sleep apnea,-KZLldUMGgA,23,True
1079,Central sleep apnea,JheMMKl-YN4,24,True
1081,Apneic,01ylbvx2X88,1,True
1083,Apneic,Q1mxqu4P9VM,3,True
1084,Apneic,O3StYjvfjUo,4,True
1086,Apneic,QgocYgkwuvo,6,True
1087,Apneic,fE_79QOw6ok,7,True
1088,Apneic,jyZnTjcKF3k,8,True
1089,Apneic,HWrr0tJTlsE,9,True
1090,Apneic,W5rO6jyh35w,10,True
1091,Apneic,76eUq1CFw80,11,True
1092,Apneic,Ah8QPHk-n8E,12,True
1093,Apneic,4FNTHC7tZF0,13,True
1094,Apneic,btCmXwhTLLc,14,True
1095,Apneic,XFOZLLxK-Uc,15,True
1096,Apneic,meqLZxMLfG0,16,True
1097,Apneic,vJ_a_BGFejg,17,True
1098,Apneic,vjJrLIl-uUM,18,True
1099,Apneic,RDMyg1Kca_8,19,True
1100,Apneic,fDhGpyeYb0c,20,True
1101,Apneic,5oNQVk2HLyU,21,True
1102,Apneic,iZiQ1__mr2s,22,True
1110,airway pressure,jccbfsMNQj0,6,True
1112,airway pressure,WcgBy0Psa3g,9,True
1120,airway pressure,nyNO9fl_jNE,22,True
1124,Loud snoring,m49d9FT9IgE,2,True
1125,Loud snoring,IntlTpm3mwA,3,True
1127,Loud snoring,c2H1YhfxzD0,5,True
1129,Loud snoring,p94sRNVKdZU,7,True
1133,Loud snoring,zHchEaObaBo,11,True
1139,Loud snoring,49JAuXCgGWs,17,True
1140,Loud snoring,WTtBur3wMJA,18,True
1142,daytime sleepiness,lepetKsEfx4,3,True
1144,daytime sleepiness,GZ2d0pmwy5Y,5,True
1148,daytime sleepiness,TuLYHWfoNGY,10,True
1149,daytime sleepiness,5QgsxJRv1wo,11,True
1150,daytime sleepiness,h2gHuT8qhmU,12,True
1152,daytime sleepiness,7U2d3o0O_0w,14,True
1153,daytime sleepiness,gR30CxHaI_8,15,True
1154,daytime sleepiness,ZW1Wku8F3rw,16,True
1155,daytime sleepiness,bFQop29EEGY,17,True
1157,daytime sleepiness,mEc-acCI3E4,19,True
1158,daytime sleepiness,eC8OX8ln1Ic,20,True
1160,daytime sleepiness,5yM1GEyLt3E,22,True
1162,daytime sleepiness,lc6WJNUJSmo,24,True
1163,daytime sleepiness,sfqoWKFnu8g,25,True
1164,oral appliance,zZHAundS-2s,1,True
1165,oral appliance,GMuMzUWj8v4,2,True
1166,oral appliance,-CExkrL0d7w,3,True
1167,oral appliance,2gezmBG-f0U,4,True
1168,oral appliance,SqDT0x-sHJU,5,True
1174,oral appliance,4EGzMzORguc,11,True
1175,oral appliance,XBoe7rcQRLA,12,True
1176,oral appliance,KB7V1H6PR_0,13,True
1177,oral appliance,nTL9F1rh7-E,14,True
1178,oral appliance,fmQ1K4LjLeM,15,True
1179,oral appliance,iPoG_ddQ1j0,16,True
1180,oral appliance,c9MHl7Wix7Q,17,True
1181,oral appliance,BzJ1Xngojtk,19,True
1182,oral appliance,7qyXJttVxTU,20,True
1183,oral appliance,JUEEa9GsC6w,21,True
1185,oral appliance,j1SbhJdVBaA,23,True
1188,excessive yawning,XzHIZdGXpjM,1,True
1189,excessive yawning,Vn_vn8ixv4Q,2,True
1190,excessive yawning,24W0NleMnSc,3,True
1191,excessive yawning,PXZSLnL912g,4,True
1192,excessive yawning,yeC6_FzR7Zo,5,True
1193,excessive yawning,RFVUYwcoOlY,6,True
1194,excessive yawning,BMF5zWlvjLU,7,True
1195,excessive yawning,BjOlv6tzguQ,8,True
1197,excessive yawning,AoBsHhKr8-E,10,True
1198,excessive yawning,hZplBHhRm5c,11,True
1199,excessive yawning,EMe4RhF1AT4,12,True
1201,excessive yawning,0U99aHhmI7c,14,True
1202,excessive yawning,kKAJKnnzSgY,15,True
1203,excessive yawning,Tzug6OGO_c8,16,True
1204,excessive yawning,_7-xjrDtVOY,17,True
1205,excessive yawning,PZoyGU4GgXM,18,True
1206,excessive yawning,987_mbSdGQY,19,True
1208,excessive yawning,sxt21nwB8cQ,21,True
1209,excessive yawning,IWy3I58Q04Q,22,True
1210,excessive yawning,6dofUUCwhvI,23,True
1211,excessive yawning,KVhsi5d20sI,24,True
1213,Sleep Apnea Syndrome,_shMGanKHfo,6,True
1215,Sleep Apnea Syndrome,5HGPwgWewe8,14,True
1217,Sleep Apnea Syndrome,R0wqsmo_84Y,16,True
1218,Sleep Apnea Syndrome,fJgl8ntinyk,18,True
1220,Sleep Apnea Syndrome,n7QzEENeMMo,20,True
1224,Sleep Apnea Syndrome,Lwr19DqIi98,25,True
1225,Epworth Sleepiness Scale,5dFMCtQU2WY,1,True
1226,Epworth Sleepiness Scale,9o0ZhIfn4Og,2,True
1227,Epworth Sleepiness Scale,_NMBaPMAmaE,3,True
1228,Epworth Sleepiness Scale,BRxbsSiGWv4,4,True
1233,Epworth Sleepiness Scale,4sS9fdRG_18,9,True
1235,Epworth Sleepiness Scale,T3L5-K2WW7c,11,True
1238,Epworth Sleepiness Scale,e_jQ9c6RbsI,14,True
1239,Epworth Sleepiness Scale,6NDlFADXIhc,15,True
1240,Epworth Sleepiness Scale,LtEJvMOT-og,16,True
1241,Epworth Sleepiness Scale,Z03yyubM-2w,17,True
1242,Epworth Sleepiness Scale,OqqWazVcYDc,18,True
1244,Epworth Sleepiness Scale,ZV7ktK6nzTY,20,True
1246,Epworth Sleepiness Scale,YiKUXlfWdsA,22,True
1249,Epworth Sleepiness Scale,rVPNzZUGU8I,25,True
1251,micrognathia,NJeeiVfFP0w,2,True
1252,micrognathia,YRhZA5Eqi2o,3,True
1253,micrognathia,9FA7T8G19U8,4,True
1258,micrognathia,AHwyM95o4t4,9,True
1259,micrognathia,vSSiP7F9JEI,10,True
1260,micrognathia,J7f9ZJt5wdg,11,True
1262,micrognathia,OVVcPROWFPs,13,True
1263,micrognathia,Py9lYxTT-K8,14,True
1264,micrognathia,uPsy_iCzfkM,15,True
1265,micrognathia,QhUoGdeY26A,16,True
1268,micrognathia,T4n8v0S2G7c,19,True
1269,micrognathia,3qPpWizGsYI,20,True
1273,micrognathia,dEQGIYAIBwo,25,True
1275,Respiratory Signs and Symptoms,nP8q1htnB60,2,True
1276,Respiratory Signs and Symptoms,O9e5lSLA9ps,3,True
1278,Respiratory Signs and Symptoms,ZuPkdizbTPM,5,True
1279,Respiratory Signs and Symptoms,IQwmPU1FDpM,6,True
1282,Respiratory Signs and Symptoms,p3b9Gju4ykw,9,True
1284,Respiratory Signs and Symptoms,8p7mKodBjvc,12,True
1285,Respiratory Signs and Symptoms,42jJ18fkZ0Y,13,True
1287,Respiratory Signs and Symptoms,NrS8BIDlSCo,15,True
1288,Respiratory Signs and Symptoms,Z_tGKyH2ZRc,16,True
1290,Respiratory Signs and Symptoms,L1x6LoL7pTw,19,True
1293,Respiratory Signs and Symptoms,CutRFPEeftk,22,True
1294,Respiratory Signs and Symptoms,XV2OrrQm0T0,23,True
1297,CPAP treatment,ZZFmVgjIKYQ,1,True
1298,CPAP treatment,Bf8-Aq6qZ_c,2,True
1299,CPAP treatment,9C2qYFcBs6U,6,True
1300,CPAP treatment,anxzwv-T1yE,9,True
1304,CPAP treatment,gYIm1sdIU1A,14,True
1305,CPAP treatment,Rsr8mPble4s,15,True
1306,CPAP treatment,ZaHe0liXzYU,16,True
1309,CPAP treatment,lRUdgAa37dg,19,True
1310,CPAP treatment,RzCskdfN46k,20,True
1312,CPAP treatment,1Na3t1Ffk54,22,True
1313,CPAP treatment,ZeWGuUbdnTU,23,True
1314,CPAP treatment,z03l1Aabd80,24,True
1315,CPAP treatment,Gcej35v56c4,25,True
1316,Wake gasping,4nfek-bQMVY,1,True
1320,Wake gasping,0zeF4CMo2iY,5,True
1321,Wake gasping,A4oVbpNHNUc,6,True
1324,Wake gasping,TqENwyonvBc,9,True
1327,Wake gasping,NfVb-rwUDoM,12,True
1328,Wake gasping,LideJlY9cAk,13,True
1331,Wake gasping,2s1RgmSHxR4,16,True
1333,Wake gasping,jwxbYotW6nw,18,True
1334,Wake gasping,AMk9V01dyQc,19,True
1336,Wake gasping,ft5GM6g3yxE,21,True
1338,Wake gasping,mBZGXjdC1To,23,True
1340,Wake gasping,Dmr19N3f34U,25,True
1343,mandibular advancement,KarBdEsv92s,3,True
1347,mandibular advancement,tnv-1ZKIolk,7,True
1348,mandibular advancement,QswMAHMYggE,8,True
1352,mandibular advancement,BJCnMKlWSKY,12,True
1353,mandibular advancement,cm_cRMZDuDk,13,True
1357,mandibular advancement,5DsTWO-d16A,17,True
1358,mandibular advancement,b2QHWGrsuwU,18,True
1364,mandibular advancement,yFQEmpJMIVI,24,True
1365,mandibular advancement,4WP9ODvnx-s,25,True
1366,Elevated hematocrit,TXpoBvOhi58,1,True
1369,Elevated hematocrit,dCJWaJrZSBA,4,True
1370,Elevated hematocrit,Y9keUZH3zSo,5,True
1372,Elevated hematocrit,SrAoMSzcmT0,7,True
1374,Elevated hematocrit,JHwPjHcLcWA,9,True
1375,Elevated hematocrit,jFxCZ91sDpI,10,True
1377,Elevated hematocrit,N1FpCQ7T7KE,12,True
1380,Elevated hematocrit,nHnJmxNOu0I,15,True
1381,Elevated hematocrit,eWLMGvuCCXA,16,True
1386,Elevated hematocrit,oO9id3bUFtg,21,True
1391,grogginess,39899SpgSt4,1,True
1392,grogginess,duARjRasKpA,2,True
1396,grogginess,6GdL0h6-If0,7,True
1397,grogginess,QPhmrrIuX1Y,8,True
1398,grogginess,bZi4NrpQp8s,9,True
1400,grogginess,_2Y4FvzKv3g,11,True
1402,grogginess,dbTx4hDSUZc,13,True
1404,grogginess,hqH2SuSalZA,16,True
1405,grogginess,svsjDo81OGc,17,True
1406,grogginess,jrGvQ-eqCzo,18,True
1409,grogginess,T10XCs525yY,21,True
1411,grogginess,MjlvoIKDY94,23,True
1412,grogginess,hIj-vpWyays,24,True
1415,Sleep Hypopnea,QTCezFQkzpc,23,True
1416,Sleep Hypopnea,ohTE--PgBkY,25,True
1418,oxygen desaturation,YZrCXHxhrQ0,2,True
1420,oxygen desaturation,cHvJ6vRBtDM,4,True
1422,oxygen desaturation,H44WSO_MeOo,6,True
1423,oxygen desaturation,gy6xIVkqxtk,7,True
1424,oxygen desaturation,wQ2eCRN02f4,8,True
1428,oxygen desaturation,47H1Gu5jMjY,12,True
1429,oxygen desaturation,O7UOz43JYsc,13,True
1433,oxygen desaturation,S9-z37I1vhw,17,True
1434,oxygen desaturation,szeKgAqlqz4,18,True
1436,oxygen desaturation,kTUjQ-IcKPU,20,True
1438,oxygen desaturation,1-1nLKY37qg,22,True
1439,oxygen desaturation,vNc42xKCzFM,23,True
1440,oxygen desaturation,WOncz0AE9U0,24,True
1442,Tachycardia (fast heart rate),J_NX2eUYtPk,1,True
1446,Tachycardia (fast heart rate),jW4qIbWHa-Q,5,True
1447,Tachycardia (fast heart rate),PBgQicZPPpI,6,True
1448,Tachycardia (fast heart rate),Jk59MI2ltwk,7,True
1449,Tachycardia (fast heart rate),TS9FzUbynpk,8,True
1450,Tachycardia (fast heart rate),ipthJEcVZDc,9,True
1453,Tachycardia (fast heart rate),8DIRiOA_OsA,12,True
1454,Tachycardia (fast heart rate),MK3yQjYf1l8,13,True
1456,Tachycardia (fast heart rate),_1buRmYJr0Q,15,True
1457,Tachycardia (fast heart rate),3DxFFtFpRGc,16,True
1459,Tachycardia (fast heart rate),tUmXpcduvDc,18,True
1460,Tachycardia (fast heart rate),YWG7zUj1tCk,19,True
1464,Tachycardia (fast heart rate),gYfwk1fO0WQ,23,True
1465,Tachycardia (fast heart rate),Pib0qMEwoyw,24,True
1466,Tachycardia (fast heart rate),NuyWG1nGrdY,25,True
1469,difficulty waking up,CwceAOXdVi4,7,True
1472,difficulty waking up,j8J16T914hg,12,True
1473,difficulty waking up,bWWLPNg062s,13,True
1475,difficulty waking up,3nKgnfIGi5Y,15,True
1476,difficulty waking up,YFY_9vYjfTY,17,True
1479,difficulty waking up,8bzsRpWb0t4,20,True
1480,difficulty waking up,cCEw-bn6MSE,21,True
1481,difficulty waking up,f_ynP_Ej2mc,22,True
1485,Sleep Wake Disorders,csAH5NJpPKw,6,True
1488,Sleep Wake Disorders,daUTkGQ2fs8,11,True
1490,Sleep Wake Disorders,xcMIGDTrU5g,13,True
1491,Sleep Wake Disorders,SWspS0e148I,14,True
1493,Sleep Wake Disorders,Ukyx8v58nOQ,16,True
1495,Sleep Wake Disorders,d1T0DM9vXJs,18,True
1498,Sleep Wake Disorders,3OvIFN6Gr9c,22,True
1499,Sleep Wake Disorders,OfcP2vuje-Q,23,True
1502,sleep apnea obstructive syndrome,47SLFpOyfLM,6,True
1504,sleep apnea obstructive syndrome,z12MEPiG4cg,9,True
1512,sleep apnea obstructive syndrome,lvFhNk7oOr8,19,True
1514,sleep apnea obstructive syndrome,xEuFw_nu8oA,21,True
1516,sleep apnea obstructive syndrome,OT54Bqt2QP4,23,True
1517,sleep apnea obstructive syndrome,3GK3d5pxFLk,24,True
1518,sleep apnea obstructive syndrome,rkX9eXBd0O8,25,True
1522,difficulty falling asleep,Lgeo6rlGdk4,7,True
1523,difficulty falling asleep,GWpfkhKfFUM,13,True
1525,difficulty falling asleep,0MVUgercUfA,15,True
1526,difficulty falling asleep,9EkdVeq8h9s,16,True
1527,difficulty falling asleep,H_4Pu97Uj2A,18,True
1528,difficulty falling asleep,9p_KEQr8ks8,19,True
1530,difficulty falling asleep,gAAJ_MJEWV8,23,True
1532,continuous positive airway pressure,5BJ0CSYq8_0,1,True
1534,continuous positive airway pressure,B10ABypyGOo,3,True
1535,continuous positive airway pressure,PM4Dm3bFZg0,4,True
1537,continuous positive airway pressure,mOpSeVBA_AU,6,True
1538,continuous positive airway pressure,poRPeaf-EMI,7,True
1541,continuous positive airway pressure,XBxbKq8BBnE,10,True
1543,continuous positive airway pressure,0J4MUzvR6cY,12,True
1544,continuous positive airway pressure,x_oxjU2LMT4,13,True
1545,continuous positive airway pressure,BJP42D95uoE,14,True
1547,continuous positive airway pressure,gOGkJvSPhsM,16,True
1549,continuous positive airway pressure,YTAtofA5x44,18,True
1552,continuous positive airway pressure,QhHlDvwvioM,21,True
1553,continuous positive airway pressure,YvRxyLJByyY,22,True
1556,continuous positive airway pressure,4ZLChzT0ops,25,True
1558,Respiration Disorders,Clgg7tj3wKI,3,True
1572,Respiration Disorders,kkJJm0Sym4k,19,True
1580,Upper Airway Resistance,IBiMHHEFv3s,3,True
1581,Upper Airway Resistance,-61qyQi4Ax8,4,True
1584,Upper Airway Resistance,AZCUbiEFSPk,7,True
1586,Upper Airway Resistance,WGhRSf2UGIk,9,True
1587,Upper Airway Resistance,FdyUeMRTuYU,10,True
1588,Upper Airway Resistance,yhKzYSu4hxo,11,True
1595,Upper Airway Resistance,ZUelKfAnUmc,18,True
1596,Upper Airway Resistance,6VtwOww8_cA,19,True
1597,Upper Airway Resistance,U54KFBeyeI0,20,True
1598,Upper Airway Resistance,rCrlYQC4U8U,21,True
1601,Upper Airway Resistance,CYopSQ8YsgI,24,True
1606,Dyssomnias,BMXyHVgh0so,4,True
1607,Dyssomnias,Q1e5gqRVBRI,5,True
1610,Dyssomnias,VBcEz8bVbL0,8,True
1611,Dyssomnias,TJ616w7kJ74,9,True
1616,Dyssomnias,8I9pU1xHT5o,15,True
1617,Dyssomnias,_kAkyia1CJU,16,True
1618,Dyssomnias,I8GTuvO3_Yk,17,True
1619,Dyssomnias,_afznE7Lg0E,18,True
1620,Dyssomnias,7wCZkJ828u4,19,True
1622,Dyssomnias,CDBoBo-EJiE,21,True
1627,Obstructive Syndrome,H7IYd1VWCqk,2,True
1628,Obstructive Syndrome,gJlRmu0o1ns,3,True
1630,Obstructive Syndrome,nUGK8hKDpEg,5,True
1637,Obstructive Syndrome,wmeZXlVObTw,12,True
1641,Obstructive Syndrome,kKiktGo4zUA,17,True
1645,Obstructive Syndrome,iYjKZHmzWEA,21,True
1646,Obstructive Syndrome,ifSNDB9Vhqs,23,True
1649,apnea-hypopnea index,VSS7LZxrbhk,3,True
1650,apnea-hypopnea index,8wzm2RcDz9k,4,True
1652,apnea-hypopnea index,UDdWxIO5SE4,7,True
1656,apnea-hypopnea index,J6u3nIufGvA,12,True
1657,apnea-hypopnea index,vQj_zLoidKg,13,True
1659,apnea-hypopnea index,XtOA0_3CdAo,15,True
1661,apnea-hypopnea index,Om5afLUHKUs,17,True
1663,apnea-hypopnea index,LtPSMO0c0_c,19,True
1666,apnea-hypopnea index,d13CHm5ScF0,23,True
1670,difficulty getting out of bed,wbvOgqiL4rQ,2,True
1671,difficulty getting out of bed,D36lTpxzxOo,3,True
1672,difficulty getting out of bed,ou_MaMi-NKk,4,True
1673,difficulty getting out of bed,0bJJGHcRRV4,5,True
1674,difficulty getting out of bed,qubbHJrVnts,6,True
1677,difficulty getting out of bed,0iwkTJBfW2I,9,True
1679,difficulty getting out of bed,XCDOdVs9INE,11,True
1680,difficulty getting out of bed,uLrcJJ9QKYA,12,True
1683,difficulty getting out of bed,zj4zvXpQW1Y,15,True
1684,difficulty getting out of bed,qptfRE_pesk,16,True
1689,difficulty getting out of bed,iALyaq2E1T8,21,True
1691,difficulty getting out of bed,Y94T300Dhvw,23,True
1693,difficulty getting out of bed,KU2bvb0Pbq4,25,True
1694,inability to concentrate,wqP0z35021o,1,True
1695,inability to concentrate,UsGv08qo0Q4,2,True
1696,inability to concentrate,bpzKxDPezeA,3,True
1698,inability to concentrate,ETQdC05AFo0,5,True
1699,inability to concentrate,L72UpTBVIUA,6,True
1703,inability to concentrate,7-pzGxvSQBw,10,True
1705,inability to concentrate,YrcDuOErAII,12,True
1706,inability to concentrate,VT9s77MGeKY,13,True
1708,inability to concentrate,CGs1Q0MpPME,15,True
1710,inability to concentrate,IFmQ5waavJY,17,True
1711,inability to concentrate,7MEGT8fLhS0,18,True
1712,inability to concentrate,4c0K7otHojw,19,True
1715,inability to concentrate,Ig6I3prnlnE,22,True
1716,inability to concentrate,TrSuOUfbijY,23,True
1717,inability to concentrate,sHblR5Wn8X0,24,True
1718,inability to concentrate,Wj4j3fIkSm8,25,True
1719,difficulty staying asleep,j5Sl8LyI7k8,1,True
1721,difficulty staying asleep,ydJoPkmDEos,3,True
1723,difficulty staying asleep,GSXKb4yAJB4,5,True
1724,difficulty staying asleep,JwDeb29y14w,6,True
1726,difficulty staying asleep,Pa042z8G-LY,8,True
1727,difficulty staying asleep,AOi4I331vZM,9,True
1732,difficulty staying asleep,CL72HTbN_AU,14,True
1733,difficulty staying asleep,CAGUVH_yIRE,15,True
1734,difficulty staying asleep,r5X6wzGcI2k,16,True
1735,difficulty staying asleep,peADNI3wk7k,17,True
1736,difficulty staying asleep,6DsdxG9xOOk,18,True
1737,difficulty staying asleep,m_ZHgD5rVPU,19,True
1738,difficulty staying asleep,t0kACis_dJE,20,True
1739,difficulty staying asleep,92Oc8-lnx4k,21,True
1741,difficulty staying asleep,4GVozwGQCqY,23,True
1759,OSAHS,w8yaHpgBH8I,18,True
1765,OSAHS,xh2cSIAQOEs,24,True
1769,NEUROMUSCULAR DISEASES,Tga_wpOqYT8,3,True
1770,NEUROMUSCULAR DISEASES,-5mxOOvroqw,4,True
1771,NEUROMUSCULAR DISEASES,ZgdNEgBiKp4,5,True
1772,NEUROMUSCULAR DISEASES,NVOj6kUyYQc,6,True
1775,NEUROMUSCULAR DISEASES,luGUKokV5kw,9,True
1776,NEUROMUSCULAR DISEASES,G6HVYBbLkJs,10,True
1778,NEUROMUSCULAR DISEASES,ZijTzyFvNe0,12,True
1779,NEUROMUSCULAR DISEASES,S_UL2CJoOFs,13,True
1780,NEUROMUSCULAR DISEASES,XQe3Fe-lW84,14,True
1787,NEUROMUSCULAR DISEASES,b7rAGIfldAs,21,True
1788,NEUROMUSCULAR DISEASES,1tOqXPl1yDk,22,True
1789,NEUROMUSCULAR DISEASES,78vfDmufbVU,23,True
1793,Intrinsic Sleep Disorders,r40g_9dw46o,2,True
1797,Intrinsic Sleep Disorders,DYV0MASI_0A,6,True
1799,Intrinsic Sleep Disorders,JGp19iFdrLI,8,True
1804,Intrinsic Sleep Disorders,4ku90Lw-cG0,13,True
1811,Intrinsic Sleep Disorders,GuXxduRyzvI,20,True
1813,Intrinsic Sleep Disorders,FmclK0rrX9k,22,True
1817,Sleep Apnea Hypopnea Syndrome,8dXEgVK-fF4,1,True
1820,Sleep Apnea Hypopnea Syndrome,i5VWOUB0OP0,4,True
1823,Sleep Apnea Hypopnea Syndrome,4JkiWvWn2aU,7,True
1827,Sleep Apnea Hypopnea Syndrome,-WZhaJVYLtI,11,True
1831,Sleep Apnea Hypopnea Syndrome,kJDuqWtwAEQ,15,True
1833,Sleep Apnea Hypopnea Syndrome,IMON9zmViu4,17,True
1835,Sleep Apnea Hypopnea Syndrome,7kIFRjqaORQ,19,True
1836,Sleep Apnea Hypopnea Syndrome,i6lxO6W2-m8,20,True
1837,Sleep Apnea Hypopnea Syndrome,4kK2e_Mb3hM,21,True
1840,Sleep Apnea Hypopnea Syndrome,2Ai5iXn60TQ,24,True
1842,Respiratory Arrest,u8zqLttpA8I,6,True
1844,Respiratory Arrest,XV2OrrQm0T0,12,True
1845,Respiratory Arrest,KpaLU8PjOoY,14,True
1847,Respiratory Arrest,5x9g8xrwzrU,16,True
1853,Respiratory Arrest,42jJ18fkZ0Y,25,True
1854,Unrefreshing or poor sleep,D8NZ8QoZTyU,1,True
1855,Unrefreshing or poor sleep,Qd8d3Gl_yTM,2,True
1857,Unrefreshing or poor sleep,10T5Qkl80i0,4,True
1858,Unrefreshing or poor sleep,MumtgUt-PFs,5,True
1860,Unrefreshing or poor sleep,dqONk48l5vY,7,True
1861,Unrefreshing or poor sleep,KpyoDML2eUI,8,True
1862,Unrefreshing or poor sleep,1ZkR68yqR_c,9,True
1864,Unrefreshing or poor sleep,vtvW3Ai_Muo,11,True
1865,Unrefreshing or poor sleep,tTSiCQUFfSk,12,True
1868,Unrefreshing or poor sleep,XW1XXWm58RQ,15,True
1871,Unrefreshing or poor sleep,Ld9RlIVN57M,18,True
1872,Unrefreshing or poor sleep,rvr37cUE-x4,19,True
1874,Unrefreshing or poor sleep,a-h9Vv5kD0s,21,True
1877,pulmonary arrest,kvE8JN5eDxs,1,True
1878,pulmonary arrest,RhsPROawFAA,2,True
1879,pulmonary arrest,gVHdmd2cIS0,3,True
1880,pulmonary arrest,IJEMyiGedfw,4,True
1881,pulmonary arrest,3Lu_zOFkpqA,5,True
1882,pulmonary arrest,7lMiXJH_bw4,6,True
1883,pulmonary arrest,athIwKFavTA,7,True
1884,pulmonary arrest,0bUMprYBqzY,8,True
1885,pulmonary arrest,eqF9ytrWnOI,9,True
1895,pulmonary arrest,rvvEi4U_QaQ,19,True
1898,pulmonary arrest,TbyV6Z_WQJQ,22,True
1899,pulmonary arrest,UmKx7I0Broo,23,True
1900,pulmonary arrest,jgCE7ccS89o,24,True
1902,need to frequently nap,BN9yqF6Um98,1,True
1904,need to frequently nap,VaZu4CsHUP8,4,True
1905,need to frequently nap,kl6ITTeRQso,5,True
1909,need to frequently nap,FlK54DmeCpc,9,True
1910,need to frequently nap,LvIcr2-5oYM,10,True
1911,need to frequently nap,RxvmjopIJQc,11,True
1913,need to frequently nap,x0HDccsh9qg,13,True
1916,need to frequently nap,Qb6UDRpzuFA,16,True
1917,need to frequently nap,rF8BZOK1ll4,17,True
1918,need to frequently nap,120hzRhRnYQ,18,True
1919,need to frequently nap,NqJXf0Ut6I4,19,True
1920,need to frequently nap,UCCWATqsLSQ,20,True
1921,need to frequently nap,uEHu8LIZUKI,21,True
1922,need to frequently nap,wuRi4eQ54q0,22,True
1925,need to frequently nap,htOWQjdUOQA,25,True
1927,inability to stay awake during the daytime,TuLYHWfoNGY,2,True
1928,inability to stay awake during the daytime,UV1VWwc9lN0,3,True
1930,inability to stay awake during the daytime,NJY_bgv5j8c,5,True
1931,inability to stay awake during the daytime,nGUHYnxlf_Y,6,True
1933,inability to stay awake during the daytime,j8J16T914hg,8,True
1934,inability to stay awake during the daytime,UMWequpcS7Q,9,True
1935,inability to stay awake during the daytime,Y-8b99rGpkM,10,True
1938,inability to stay awake during the daytime,j5Sl8LyI7k8,13,True
1939,inability to stay awake during the daytime,h2gHuT8qhmU,14,True
1942,inability to stay awake during the daytime,AOi4I331vZM,17,True
1943,inability to stay awake during the daytime,Dd83dwHYsPc,18,True
1945,inability to stay awake during the daytime,3nKgnfIGi5Y,20,True
1946,inability to stay awake during the daytime,CAGUVH_yIRE,21,True
1951,micro-sleeps,lXO4jM_WFAA,1,True
1952,micro-sleeps,tvfMOPTsU_0,2,True
1954,micro-sleeps,haTApXretfg,4,True
1955,micro-sleeps,0O8i-hEixDU,5,True
1956,micro-sleeps,9DvgN02A9f0,6,True
1957,micro-sleeps,JwCnJZyU70M,7,True
1959,micro-sleeps,t1Y6F0UPl2k,9,True
1960,micro-sleeps,ckiLTVqhlRk,10,True
1961,micro-sleeps,7YtD86bio5U,11,True
1963,micro-sleeps,E5gE1-V3yTA,14,True
1964,micro-sleeps,zbhUFX6ZRYA,15,True
1965,micro-sleeps,n2hFl1Mc37Y,16,True
1967,micro-sleeps,MRgslssEQ7Q,18,True
1968,micro-sleeps,Po8zOLVRRJM,19,True
1969,micro-sleeps,zHchEaObaBo,20,True
1971,micro-sleeps,t0kACis_dJE,22,True
1975,Gasping for air during sleep,_shMGanKHfo,1,True
1976,Gasping for air during sleep,4nfek-bQMVY,2,True
1977,Gasping for air during sleep,x1g3DFqFFpQ,3,True
1978,Gasping for air during sleep,pCJrgcC3sgI,5,True
1979,Gasping for air during sleep,z12MEPiG4cg,6,True
1981,Gasping for air during sleep,LideJlY9cAk,8,True
1982,Gasping for air during sleep,nPtdkqOLLP4,9,True
1983,Gasping for air during sleep,leskf-_IsdM,10,True
1984,Gasping for air during sleep,n7QzEENeMMo,11,True
1988,Gasping for air during sleep,2auLobkUzSQ,15,True
1989,Gasping for air during sleep,oX3CZnrLxbQ,16,True
1990,Gasping for air during sleep,PC4Yd3feSBc,17,True
1992,Gasping for air during sleep,IMON9zmViu4,19,True
1994,Gasping for air during sleep,_7-xjrDtVOY,21,True
1996,Gasping for air during sleep,VjxJljw-2_4,23,True
1997,Gasping for air during sleep,HvVa7vUSRIo,24,True
1998,Gasping for air during sleep,oOITasNDHtY,25,True
2001,polysomnography,ohTE--PgBkY,3,True
2004,polysomnography,X9u5T0Dr-po,6,True
2005,polysomnography,d_4UgNbCvkA,7,True
2006,polysomnography,_nKeMT0y_aE,8,True
2012,polysomnography,2gECGYl5C50,14,True
2014,polysomnography,878CEj2GmZ0,16,True
2015,polysomnography,Ui86Zp9jJPw,17,True
2017,polysomnography,8SuBTToTc3c,19,True
2020,polysomnography,WKDt-BZTqbg,22,True
2022,polysomnography,qd4fqAIS9cg,24,True
2023,polysomnography,lQS0oZNUHJU,25,True
2030,OSA,OtYgVJ-9JOs,8,True
2033,OSA,l44moJhbAyc,11,True
2037,OSA,3jwF1WqxHzY,15,True
2038,OSA,AfyAp_2RSFI,16,True
2045,OSA,apM-V7JUvKc,23,True
2050,Obstructive Sleep Apnea Syndrome appliance,mEwsFBmIEu8,5,True
2052,Obstructive Sleep Apnea Syndrome appliance,i5VWOUB0OP0,7,True
2054,Obstructive Sleep Apnea Syndrome appliance,i6lxO6W2-m8,9,True
2056,Obstructive Sleep Apnea Syndrome appliance,SqDT0x-sHJU,11,True
2057,Obstructive Sleep Apnea Syndrome appliance,47SLFpOyfLM,12,True
2058,Obstructive Sleep Apnea Syndrome appliance,N3Cih36VtaQ,13,True
2059,Obstructive Sleep Apnea Syndrome appliance,8dXEgVK-fF4,14,True
2062,Obstructive Sleep Apnea Syndrome appliance,JGmtNCgz1Pk,17,True
2063,Obstructive Sleep Apnea Syndrome appliance,MQPHgfWPsLg,18,True
2066,Obstructive Sleep Apnea Syndrome appliance,TI9sYLad834,21,True
2069,Obstructive Sleep Apnea Syndrome appliance,4JkiWvWn2aU,24,True
2070,Obstructive Sleep Apnea Syndrome appliance,t9jGztshOWc,25,True
2071,pain in front center of brain,MnOITHXlW6U,1,True
2072,pain in front center of brain,gpxx7UROmdU,2,True
2073,pain in front center of brain,plrT_MfuUP4,3,True
2077,pain in front center of brain,vGgMOvDY0oU,7,True
2078,pain in front center of brain,55u5Ivx31og,8,True
2080,pain in front center of brain,I7wfDenj6CQ,10,True
2081,pain in front center of brain,BbkkK7UBlE4,11,True
2082,pain in front center of brain,qQhb1l3iBAE,12,True
2084,pain in front center of brain,N4FnLM9rGW0,14,True
2086,pain in front center of brain,2ct6P2kpknc,16,True
2087,pain in front center of brain,7OnnS4cGL6Y,17,True
2090,pain in front center of brain,vrgg5NHfxUA,20,True
2091,pain in front center of brain,EAH-afUHUbs,21,True
2092,pain in front center of brain,Iw7FvRjeDX0,22,True
2093,pain in front center of brain,qWU2IgRV3EU,23,True
2094,pain in front center of brain,KZSMa2URHGs,24,True
